,Percentage,Radius,Reynold,Mach
0,40,50.72270764152611,9719.129141259287,0.016020291529150618
1,50,63.40338455190763,12655.355928051295,0.02002536441143827
