,Percentage,Radius,Reynold,Mach
0,40,50.72270764152611,9719.129141259287,0.016020291529150618
1,70,88.76473837267068,16360.737243423855,0.02803551017601358
