,Percentage,Chord_Length,Blade_twist
0,40,26.318779714390796,20.0022491346018
