,Percentage,Radius,Reynold,Mach
0,40,50.72270764152611,1.4952506372477286,2.464660235253941e-06
